Erik;Nicolas;511-25-1688
Rhett;White;347-28-5518
Lonnie;Schultz;784-86-3829
Kelly;Carter;250-86-4527
Ryan;Koepp;569-84-6193
Gregg;Parisian;032-86-3691
Ngoc;Zieme;691-70-1481
Zack;Dare;394-91-6273
Boris;Emard;462-14-2511
Guillermo;Rosenbaum;092-16-2759
Yolonda;Brakus;608-75-4240
Gerardo;Leuschke;751-39-7562
Alfonzo;Abshire;568-66-9393
Gale;Hessel;500-80-5021
Shaun;Dickens;075-64-9513
Duncan;Sanford;679-46-1608
Joie;Aufderhar;504-77-4061
Hung;McKenzie;512-32-6350
Denny;Goldner;286-22-2340
Nia;Armstrong;352-50-9503
Kandis;Kub;052-46-7739
Alonzo;Tillman;438-15-3800
Jacquie;Pouros;203-67-4781
Franklyn;Cole;684-75-6209
Devon;Koepp;384-98-1455
Dustin;Streich;578-96-0936
Ardell;Kuhlman;006-83-7401
Daphine;Goyette;046-37-6220
Fred;Cole;563-37-9200
Riley;Greenfelder;637-35-7008
Ward;Langosh;450-97-2631
Micaela;Zieme;548-46-7757
Jennell;Willms;288-85-2856
Joni;Gleichner;196-81-5671
Elwood;Torp;883-94-8756
Samual;Ankunding;732-95-0217
Arturo;Schaefer;166-95-2582
Malinda;Bernier;242-99-1678
Louie;Pfeffer;387-75-2161
Elliot;Schaefer;607-29-7238
Harris;VonRueden;870-04-6844
Roma;Feest;375-20-3592
Wilford;O'Hara;190-81-5817
Richard;Weissnat;351-45-5995
Valrie;Schmidt;829-45-9467
Cliff;Lesch;509-27-1013
Stephani;Glover;437-38-3234
Lynelle;Kirlin;435-25-1747
Fletcher;Franecki;240-46-3748
Ami;Sporer;094-67-9246
Franklin;Collier;654-56-0859
Linwood;Effertz;680-13-7936
Shae;Crist;581-03-2827
Tammie;Orn;544-22-4051
Mavis;Hilll;863-61-0252
Eugenie;Smith;805-50-5261
Valerie;Grimes;326-20-5689
Natalia;Schowalter;651-90-4725
Shizuko;Schmidt;788-30-3888
Sherman;Thiel;604-36-0037
Clemencia;Kulas;854-12-6905
Shanita;Schmeler;460-45-4024
Lance;Hartmann;160-20-6676
Joel;Harber;555-39-4105
Shantell;Koelpin;537-85-1141
Caleb;Renner;592-92-4191
Terica;Kling;297-36-9151
Charline;Altenwerth;464-05-3614
Lolita;Shields;798-42-9546
Cora;Lesch;447-63-9843
Franklin;Torp;864-63-8234
Michale;Walker;832-08-6386
Marth;Luettgen;490-36-0324
Miquel;Cronin;028-70-3120
Gretchen;Kuhic;787-96-9690
Cletus;Ernser;371-52-7234
Larry;Wolff;829-74-2633
Herminia;Sawayn;250-08-8064
Susana;Mann;734-68-3620
Ceola;Jakubowski;475-37-0109
Natalya;Witting;591-96-2267
Salvatore;Gerhold;473-27-1976
Deon;Dietrich;399-15-8781
Toney;Roberts;790-16-3387
Holley;Greenholt;694-45-2533
Conrad;Abernathy;384-53-4942
Marin;Little;633-49-6208
Sibyl;Rolfson;022-70-1100
Corrinne;Schowalter;496-25-4444
Al;Hahn;516-72-9445
Zack;Larson;300-23-8915
Eduardo;Koelpin;330-90-9185
Sergio;Quitzon;621-12-7081
Esther;Daugherty;201-37-6182
Gertrud;Von;326-62-0516
Tennille;Gerlach;567-04-8072
Tricia;Kuhn;626-04-8387
Lionel;Armstrong;504-41-4104
Kimberely;Bogisich;795-19-8321
Yun;Schaefer;671-91-9331
Kittie;Bashirian;472-77-9409
Jospeh;Botsford;476-76-7230
Elvis;Lindgren;370-02-8321
Arnoldo;McGlynn;079-14-3660
Adolph;Doyle;156-34-4574
Shaneka;Kunde;106-36-4146
Agustin;Cormier;188-26-9498
Malcolm;Tillman;693-98-6583
Theda;Wolff;528-81-9487
Daryl;Kris;811-35-6927
Addie;Schultz;352-30-8844
Robert;Huel;194-43-2257
Xuan;Berge;282-77-6412
Lawrence;Bashirian;714-97-4450
Lachelle;Herman;222-44-7811
Aaron;Parisian;420-58-9077
Conrad;Cronin;790-93-7067
Wilfred;Ondricka;108-91-7588
Jordan;Morar;886-64-6896
Isaias;Graham;046-92-2203
Aura;Torp;043-70-2263
Jeannette;Hessel;381-92-3769
Veronique;Hamill;381-92-9182
Keitha;Langosh;130-53-1864
Stephanie;Beahan;021-14-0718
Olinda;Kohler;717-49-8458
Fatima;Parker;539-71-0295
Alta;Schulist;258-38-1877
Lee;Koch;351-27-7436
Vito;Rau;302-34-2576
Kandis;Ankunding;795-84-2848
Loriann;Cummings;156-78-3378
Stephani;Fadel;504-90-5175
Bud;Sawayn;327-33-1498
Julienne;Kautzer;378-45-1005
Sid;Lockman;493-49-8435
Taylor;Pacocha;565-20-1644
Arletha;Kshlerin;633-61-0209
Melodi;Kohler;546-40-1721
Ernestine;Brekke;030-13-4859
Fabian;Macejkovic;165-90-5054
Makeda;Tromp;385-50-1384
Dolly;Von;008-64-5988
Sonny;Toy;494-37-2543
Taina;Ortiz;041-08-5461
Tomoko;Bartell;351-37-4315
Barrie;Goodwin;832-56-8332
Mechelle;Bergstrom;269-57-1647
Anton;Goldner;102-92-4531
Garry;Gibson;526-07-6070
Linh;Heidenreich;439-51-8524
Andreas;Wintheiser;148-91-2361
September;Oberbrunner;333-77-9766
Deadra;Aufderhar;041-60-1801
Kenneth;Anderson;832-03-4483
Jan;O'Kon;599-57-0846
Terence;Bins;535-83-0347
Morton;Halvorson;023-73-4482
Stewart;Fisher;769-09-5009
Carlo;Krajcik;454-18-4932
Zack;Littel;038-77-1921
Joan;Schumm;617-71-8098
Federico;Hermann;482-89-0946
Denny;O'Keefe;350-96-2337
Pasquale;Schiller;367-46-2090
Napoleon;Hauck;122-03-0495
Kerry;Buckridge;132-98-4496
Mariel;Bergnaum;889-36-0604
Luke;Renner;723-03-2462
Lisabeth;Renner;158-03-9078
Harrison;Boyer;678-18-4673
Jeri;Blick;129-38-4674
Rebeca;Greenholt;733-31-3369
Nick;Simonis;378-09-0526
Fran;Medhurst;624-34-0999
Christin;Lesch;181-06-3503
Chase;Kassulke;023-63-2812
Marlin;Feeney;739-01-4458
Stephine;Breitenberg;195-78-1324
Warner;Harvey;129-32-6989
Mitchel;Fritsch;547-68-9136
Douglas;West;875-45-6325
George;Upton;648-31-8133
Royce;Veum;143-23-4911
Scottie;Mertz;681-14-8821
Darlena;Hills;209-27-0616
Harry;Stiedemann;059-65-5337
Octavio;Gerlach;610-35-5425
Merlin;Harber;829-30-4785
Larry;Pollich;234-83-1436
Sherwood;Ondricka;349-31-7918
Aldo;Leffler;709-66-0766
Taisha;Funk;211-94-0876
Codi;Wyman;376-79-7453
Sydney;Schaden;024-53-2983
Solomon;Cassin;110-23-9772
Dwain;Harvey;074-96-8961
Karie;Kuhic;599-95-7602
Rodolfo;Kunde;411-52-2739
Noel;Corwin;599-54-7824
Norbert;Cole;078-33-9262
Lonnie;Zulauf;007-58-4459
Bernita;Quitzon;797-20-7861
Homer;Hamill;727-90-9036
Tory;O'Connell;155-94-7491
Alena;Jacobi;771-78-3599
Erick;Rippin;799-18-4070
Sunny;Kulas;867-90-4406
Gussie;Rempel;659-70-8468
Lyla;Greenholt;835-55-3033
Alphonse;Schmeler;037-57-6466
Desiree;Ullrich;568-25-9087
Nedra;Wolf;453-38-9698
Naoma;Kessler;214-77-9529
Chasidy;Emard;854-64-7960
Leia;Reilly;359-55-9913
Nathaniel;Ryan;054-34-2382
Blanch;Braun;215-79-3274
Barbie;Smith;895-04-9349
Barbie;Schinner;275-28-1510
Ross;Strosin;506-51-3124
Toi;Ward;021-82-1809
Georgene;Metz;122-25-9544
Sina;Stoltenberg;005-39-9628
Thurman;Littel;020-13-5328
Tyson;Hane;061-38-9131
Marcelina;Kautzer;668-64-8621
Brande;Littel;895-82-3549
Lesley;Swaniawski;192-15-4457
Vern;Stoltenberg;675-08-9104
Seymour;Kirlin;340-66-1512
Nolan;Witting;384-79-6749
Lexie;Schoen;363-41-6865
Noma;Swift;453-56-1232
Brinda;Auer;611-35-5647
Joesph;Jakubowski;833-62-0560
Guadalupe;Walsh;513-48-3905
Julio;Heaney;715-58-9946
Loida;Donnelly;843-25-9697
Horacio;Mante;779-23-4585
Nikole;Shanahan;067-85-1032
Bridget;Walsh;151-61-5370
Haywood;Mayert;417-34-9445
Paulina;Casper;830-54-0038
Moises;Koss;432-07-1619
Trey;Collier;381-92-1455
Hyman;Sporer;229-65-9117
Arnold;Kemmer;638-34-8443
Cornell;Wolff;331-61-9759
Donna;Reichert;247-93-0414
Tonja;Feil;674-06-9252
Alvera;Blanda;897-50-8869
Jamey;Bauch;745-95-5884
Luis;Morissette;555-30-0895
Edwardo;Dare;441-31-9522
Chad;Deckow;701-78-7830
Dorothea;Dach;199-02-1904
Raymon;Lindgren;506-71-0744
Oren;Nikolaus;425-03-0843
Janyce;Pfeffer;019-12-0599
Jovita;Parker;757-21-3332
Leroy;Klocko;065-49-3369
Mel;Spencer;777-82-7110
Brain;Johnston;022-37-7624
Deloras;Hamill;082-71-5945
Werner;Christiansen;637-86-4461
Nana;Kuhn;807-46-3996
Clair;Marquardt;320-69-6052
Chong;Grady;253-17-5445
Ashley;Corwin;488-98-7465
Otha;Kessler;120-86-4805
Rufus;Monahan;274-47-4034
Charise;Borer;842-69-9141
Young;Gorczany;573-94-7886
Amie;Boyle;416-73-3357
Joshua;Bednar;148-66-4957
Brittney;Feest;657-57-1953
Wilson;Carroll;386-67-0441
Rozanne;Walsh;312-37-8426
Candi;Christiansen;492-28-5592
Misty;Kautzer;392-18-6400
Jewel;Mraz;291-45-4341
Bernarda;Gibson;218-37-0947
Mercy;Schumm;165-89-4205
Suzan;Deckow;841-93-1833
Oralia;Ernser;661-67-4432
Alina;Shanahan;201-01-5705
Nancee;Auer;688-58-9207
Brigid;O'Kon;650-77-6443
Olin;Doyle;087-27-0773
Soo;Goyette;618-22-5152
Krystal;Mraz;656-79-2271
Kristopher;Abernathy;396-53-5153
Rosendo;Fay;343-14-4077
Giuseppe;Schultz;392-73-7127
Marilu;Stamm;413-68-6280
Lisha;Lockman;390-93-6308
Dewayne;Gerlach;399-59-9632
Chance;Botsford;029-18-1290
Jamaal;Fritsch;698-17-4657
Daina;Halvorson;357-48-6155
Terence;Kuphal;790-09-3796
Merrilee;Raynor;253-40-8625
Mignon;Bernier;731-28-7468
Cher;Cummings;757-12-2808
Garry;Crona;391-79-6810
Anamaria;Fadel;306-83-5064
Edwin;Stoltenberg;745-17-1498
Jeff;Breitenberg;376-21-6092
Adelaide;Brakus;246-34-9962
Isreal;Bruen;340-60-7163
Isabella;Lind;265-55-8573
Andre;Zemlak;699-80-9603
Olin;Stroman;251-67-8831
Gabriel;Bosco;804-29-6997
Carleen;Lind;478-79-4718
Launa;Padberg;219-56-1422
Nila;Hackett;635-71-3763
Darcie;Hane;684-86-2222
Carmelo;Paucek;854-40-2482
Son;Towne;675-36-3708
Jewel;Runolfsson;190-04-4351
Frankie;Block;183-98-9475
Refugio;Tromp;686-21-1266
Merry;Herzog;202-51-0182
Loris;Bahringer;111-95-7989
Jesusa;Marks;332-22-6459
Esther;Reynolds;803-93-7051
Lauren;Feil;287-80-9322
Raphael;Quitzon;263-53-6830
Donette;Wisoky;879-38-6993
Sammy;Mante;756-86-1997
Sheba;Sanford;696-66-2798
Winfred;O'Kon;248-96-4660
Vanetta;Krajcik;893-04-2286
Angelena;Schmitt;486-53-0127
Arnoldo;Hudson;236-63-4954
Virgilio;Rolfson;139-70-8909
Della;Spinka;074-99-9543
Ken;Jakubowski;701-11-1926
Janette;Mayert;589-81-8122
Johnnie;Walker;385-38-2129
Yajaira;Kassulke;317-54-5740
Ezequiel;Gutmann;342-44-5181
Roni;Mraz;016-79-8443
Devin;Crona;283-74-4136
Margorie;Goodwin;876-08-4420
Emelia;Cartwright;449-63-2220
Joan;Aufderhar;293-94-2553
Hedwig;Veum;249-41-6372
Patty;Kessler;460-73-9886
Kristy;Gerlach;558-31-9469
Ginny;Sauer;061-24-5320
Richie;Feeney;786-52-9232
Coleman;Pagac;706-36-5479
Coleen;Fadel;246-18-0998
Allen;Herzog;021-74-7767
Chris;Bashirian;836-28-6844
Keenan;Flatley;049-85-0738
Robbie;Raynor;678-59-1255
Jean;Yost;281-98-6711
Maria;Konopelski;587-14-4637
Chet;Lind;391-76-8258
Annamaria;Considine;391-26-1193
Lauryn;Crooks;439-89-5562
Jerrold;Miller;564-10-9910
Hong;Considine;774-56-3672
Gertrude;Heaney;684-51-6222
Ali;Goldner;593-65-5149
Jerold;Nikolaus;786-42-2057
Jan;Dietrich;494-95-2088
Vernon;Grady;624-54-1901
Emil;Gulgowski;310-11-6044
Briana;Gerhold;588-79-1771
Demetria;Schaden;713-59-1659
Cindi;Green;321-16-2997
Garry;Stark;069-17-0568
Tanisha;Sanford;230-20-9421
Kacie;Hamill;692-46-0683
Alejandra;Schroeder;140-56-1672
Suzanna;Ledner;601-85-4160
Danielle;Pollich;624-04-5159
Scarlet;Funk;532-76-4995
Darell;Bartell;261-82-5519
Scot;Smitham;062-60-8378
Sammy;Willms;652-83-5384
Blake;Murray;493-99-7967
Josue;McLaughlin;365-07-1389
Ricky;Bode;246-03-9648
Noelia;Boyle;189-24-2402
Bobby;Sanford;309-70-6902
Marth;Ullrich;288-78-6990
Paris;Durgan;790-17-9070
Kiera;Schaden;587-21-8703
Jerrie;Hills;744-81-0923
Christian;Cruickshank;880-40-3759
Stanley;Quitzon;882-70-0255
Carrol;Johnston;254-62-7842
Ted;Heathcote;502-30-1537
Danial;Abshire;122-34-5968
Cristy;Barton;718-56-2138
Russ;Schmeler;768-84-5482
Oma;Effertz;517-87-5165
Audrie;Macejkovic;472-73-9372
Audra;Casper;828-51-8693
Shirley;Gerhold;882-50-5799
Alfred;Koch;824-49-9554
David;Bashirian;716-06-1340
Frida;Rempel;529-63-0749
Jeffery;Gutmann;290-41-0886
Vicente;Gleichner;235-34-1022
Audria;Hermiston;477-21-8537
Russell;Kirlin;108-81-8241
Marion;Kutch;093-53-4636
Aron;Fritsch;754-03-9790
Mervin;Ryan;198-53-0096
Marshall;Huels;788-25-8367
Leisa;Pacocha;727-26-6893
Loma;Mante;878-43-4863
Donte;Kertzmann;330-45-3316
Leonard;Harber;536-94-0105
Nidia;Muller;655-98-1979
Von;Witting;179-56-6642
Randall;Wunsch;103-26-2906
Leora;Yost;251-64-4755
Junior;D'Amore;848-88-6029
Randell;Hand;664-46-1755
Johnnie;Prohaska;886-70-8188
Adella;Funk;605-73-3383
Marg;Botsford;606-50-9317
Brice;Marks;792-81-6777
Raleigh;Anderson;578-66-2768
Chan;Bahringer;808-02-5379
Lilia;O'Conner;717-03-7834
Lanelle;Labadie;103-86-1796
Anton;Dibbert;847-74-2305
Chasidy;Balistreri;399-39-2083
Trisha;Torp;800-73-3796
Bud;Greenholt;626-08-3694
Steven;Borer;373-17-5774
Mervin;Strosin;845-58-5710
Cary;Hauck;691-21-0543
Rosario;Moen;719-76-9767
Noe;Bosco;335-95-6594
Sam;Ortiz;685-17-2312
Rheba;Wisoky;147-09-3700
Karena;Denesik;132-23-0314
Min;Tremblay;585-60-7341
Hoyt;Davis;837-49-9891
Terrence;Bechtelar;861-79-9447
Elsie;Bosco;592-08-3346
Lamonica;Sauer;829-57-4705
Walton;Emmerich;497-02-8147
Shelby;Kulas;823-01-8936
Jenine;Cremin;030-48-5838
Howard;Hettinger;004-07-8169
Erich;Wolff;523-44-4451
Karima;Reinger;605-52-2964
Eugene;Graham;131-91-7535
Bradley;Hauck;563-52-7000
Lincoln;Kozey;164-56-1342
Ela;Walter;076-76-6773
Dallas;Klocko;819-52-3520
Renita;Hilpert;308-07-9235
Vaughn;Boyer;025-63-0259
Cornelius;Lowe;382-05-1582
Willie;Stanton;590-69-8848
Jed;Moore;266-86-3762
Denny;McDermott;859-49-1391
Xochitl;Huel;600-48-5894
Abe;Walker;423-96-8842
Rhea;Wiza;589-33-4275
Son;Torphy;012-83-1282
Vaughn;Leuschke;542-36-2942
Geraldo;Schmeler;133-26-1899
Dewitt;Spencer;562-25-8523
Adan;Baumbach;386-76-7203
Dana;Beier;340-38-6047
Malena;Auer;263-40-4533
Bud;Paucek;198-67-3855
Alyssa;Reinger;816-88-7041
Devona;Sporer;842-07-1857
Lindsey;Thiel;553-14-2464
Marlys;Schmitt;255-87-4436
Rhett;Ondricka;285-71-3581
Irwin;Bashirian;595-98-3030
Timothy;Gerlach;121-24-5795
Ellsworth;Johnson;697-31-2141
Breana;Wolff;496-99-7963
Reyes;Rodriguez;035-01-1740
Alene;Schmeler;253-76-2319
Darren;Funk;563-50-8221
Jacques;Schmidt;367-85-5293
Sharleen;Stokes;328-31-5710
Maddie;Moen;491-56-8576
Elroy;Ondricka;806-55-1217
Toshiko;Rosenbaum;324-03-7539
Jeffery;Johnson;199-67-8603
Jennette;Toy;115-66-0086
Socorro;Schneider;621-59-4389
